img_url1,img_url2,prompt,num_questions,seed,question1,question2
https://compbench-color.s3.us-east-2.amazonaws.com/outputs/outputs_divide20_T2ICompBench/a%20red%20apple%20and%20a%20green%20train/7.png,https://compbench-color.s3.us-east-2.amazonaws.com/outputs/outputs_lb_T2ICompBench/a%20red%20apple%20and%20a%20green%20train/7.png,a red apple and a green train,2,7,a red apple,a green train
https://compbench-color.s3.us-east-2.amazonaws.com/outputs/outputs_divide20_T2ICompBench/a%20green%20bench%20and%20a%20blue%20cake/4.png,https://compbench-color.s3.us-east-2.amazonaws.com/outputs/outputs_lb_T2ICompBench/a%20green%20bench%20and%20a%20blue%20cake/4.png,a green bench and a blue cake,2,4,a green bench,a blue cake
https://compbench-color.s3.us-east-2.amazonaws.com/outputs/outputs_divide20_T2ICompBench/a%20green%20apple%20and%20a%20red%20suitcase/6.png,https://compbench-color.s3.us-east-2.amazonaws.com/outputs/outputs_lb_T2ICompBench/a%20green%20apple%20and%20a%20red%20suitcase/6.png,a green apple and a red suitcase,2,6,a green apple,a red suitcase
https://compbench-color.s3.us-east-2.amazonaws.com/outputs/outputs_divide20_T2ICompBench/a%20red%20suitcase%20and%20a%20blue%20vase/8.png,https://compbench-color.s3.us-east-2.amazonaws.com/outputs/outputs_lb_T2ICompBench/a%20red%20suitcase%20and%20a%20blue%20vase/8.png,a red suitcase and a blue vase,2,8,a red suitcase,a blue vase
https://compbench-color.s3.us-east-2.amazonaws.com/outputs/outputs_divide20_T2ICompBench/a%20blue%20backpack%20and%20a%20red%20chair/4.png,https://compbench-color.s3.us-east-2.amazonaws.com/outputs/outputs_lb_T2ICompBench/a%20blue%20backpack%20and%20a%20red%20chair/4.png,a blue backpack and a red chair,2,4,a blue backpack,a red chair
https://compbench-color.s3.us-east-2.amazonaws.com/outputs/outputs_divide20_T2ICompBench/a%20blue%20bear%20and%20a%20brown%20boat/8.png,https://compbench-color.s3.us-east-2.amazonaws.com/outputs/outputs_lb_T2ICompBench/a%20blue%20bear%20and%20a%20brown%20boat/8.png,a blue bear and a brown boat,2,8,a blue bear,a brown boat
https://compbench-color.s3.us-east-2.amazonaws.com/outputs/outputs_divide20_T2ICompBench/a%20brown%20jacket%20and%20a%20black%20hat/1.png,https://compbench-color.s3.us-east-2.amazonaws.com/outputs/outputs_lb_T2ICompBench/a%20brown%20jacket%20and%20a%20black%20hat/1.png,a brown jacket and a black hat,2,1,a brown jacket,a black hat
https://compbench-color.s3.us-east-2.amazonaws.com/outputs/outputs_divide20_T2ICompBench/a%20red%20apple%20and%20a%20green%20suitcase/10.png,https://compbench-color.s3.us-east-2.amazonaws.com/outputs/outputs_lb_T2ICompBench/a%20red%20apple%20and%20a%20green%20suitcase/10.png,a red apple and a green suitcase,2,10,a red apple,a green suitcase
https://compbench-color.s3.us-east-2.amazonaws.com/outputs/outputs_divide20_T2ICompBench/a%20brown%20giraffe%20and%20a%20red%20orange/1.png,https://compbench-color.s3.us-east-2.amazonaws.com/outputs/outputs_lb_T2ICompBench/a%20brown%20giraffe%20and%20a%20red%20orange/1.png,a brown giraffe and a red orange,2,1,a brown giraffe,a red orange
https://compbench-color.s3.us-east-2.amazonaws.com/outputs/outputs_divide20_T2ICompBench/a%20blue%20backpack%20and%20a%20red%20book/5.png,https://compbench-color.s3.us-east-2.amazonaws.com/outputs/outputs_lb_T2ICompBench/a%20blue%20backpack%20and%20a%20red%20book/5.png,a blue backpack and a red book,2,5,a blue backpack,a red book
https://compbench-color.s3.us-east-2.amazonaws.com/outputs/outputs_divide20_T2ICompBench/a%20white%20snow%20and%20a%20blue%20sled/4.png,https://compbench-color.s3.us-east-2.amazonaws.com/outputs/outputs_lb_T2ICompBench/a%20white%20snow%20and%20a%20blue%20sled/4.png,a white snow and a blue sled,2,4,a white snow,a blue sled
https://compbench-color.s3.us-east-2.amazonaws.com/outputs/outputs_divide20_T2ICompBench/a%20blue%20train%20and%20a%20red%20vase/9.png,https://compbench-color.s3.us-east-2.amazonaws.com/outputs/outputs_lb_T2ICompBench/a%20blue%20train%20and%20a%20red%20vase/9.png,a blue train and a red vase,2,9,a blue train,a red vase
https://compbench-color.s3.us-east-2.amazonaws.com/outputs/outputs_divide20_T2ICompBench/a%20blue%20bench%20and%20a%20green%20bowl/1.png,https://compbench-color.s3.us-east-2.amazonaws.com/outputs/outputs_lb_T2ICompBench/a%20blue%20bench%20and%20a%20green%20bowl/1.png,a blue bench and a green bowl,2,1,a blue bench,a green bowl
https://compbench-color.s3.us-east-2.amazonaws.com/outputs/outputs_divide20_T2ICompBench/a%20green%20frog%20and%20a%20yellow%20fly/4.png,https://compbench-color.s3.us-east-2.amazonaws.com/outputs/outputs_lb_T2ICompBench/a%20green%20frog%20and%20a%20yellow%20fly/4.png,a green frog and a yellow fly,2,4,a green frog,a yellow fly
https://compbench-color.s3.us-east-2.amazonaws.com/outputs/outputs_divide20_T2ICompBench/a%20yellow%20leaf%20and%20a%20green%20flower/4.png,https://compbench-color.s3.us-east-2.amazonaws.com/outputs/outputs_lb_T2ICompBench/a%20yellow%20leaf%20and%20a%20green%20flower/4.png,a yellow leaf and a green flower,2,4,a yellow leaf,a green flower
https://compbench-color.s3.us-east-2.amazonaws.com/outputs/outputs_divide20_T2ICompBench/a%20blue%20bird%20and%20a%20yellow%20canary/2.png,https://compbench-color.s3.us-east-2.amazonaws.com/outputs/outputs_lb_T2ICompBench/a%20blue%20bird%20and%20a%20yellow%20canary/2.png,a blue bird and a yellow canary,2,2,a blue bird,a yellow canary
https://compbench-color.s3.us-east-2.amazonaws.com/outputs/outputs_divide20_T2ICompBench/a%20green%20banana%20and%20a%20red%20suitcase/3.png,https://compbench-color.s3.us-east-2.amazonaws.com/outputs/outputs_lb_T2ICompBench/a%20green%20banana%20and%20a%20red%20suitcase/3.png,a green banana and a red suitcase,2,3,a green banana,a red suitcase
https://compbench-color.s3.us-east-2.amazonaws.com/outputs/outputs_divide20_T2ICompBench/a%20white%20envelope%20and%20a%20blue%20stamp/3.png,https://compbench-color.s3.us-east-2.amazonaws.com/outputs/outputs_lb_T2ICompBench/a%20white%20envelope%20and%20a%20blue%20stamp/3.png,a white envelope and a blue stamp,2,3,a white envelope,a blue stamp
https://compbench-color.s3.us-east-2.amazonaws.com/outputs/outputs_divide20_T2ICompBench/a%20brown%20bear%20and%20a%20red%20book/7.png,https://compbench-color.s3.us-east-2.amazonaws.com/outputs/outputs_lb_T2ICompBench/a%20brown%20bear%20and%20a%20red%20book/7.png,a brown bear and a red book,2,7,a brown bear,a red book
https://compbench-color.s3.us-east-2.amazonaws.com/outputs/outputs_divide20_T2ICompBench/a%20brown%20cat%20and%20a%20red%20orange/2.png,https://compbench-color.s3.us-east-2.amazonaws.com/outputs/outputs_lb_T2ICompBench/a%20brown%20cat%20and%20a%20red%20orange/2.png,a brown cat and a red orange,2,2,a brown cat,a red orange
https://compbench-color.s3.us-east-2.amazonaws.com/outputs/outputs_divide20_T2ICompBench/a%20yellow%20pencil%20and%20a%20red%20eraser/7.png,https://compbench-color.s3.us-east-2.amazonaws.com/outputs/outputs_lb_T2ICompBench/a%20yellow%20pencil%20and%20a%20red%20eraser/7.png,a yellow pencil and a red eraser,2,7,a yellow pencil,a red eraser
https://compbench-color.s3.us-east-2.amazonaws.com/outputs/outputs_divide20_T2ICompBench/a%20blue%20backpack%20and%20a%20green%20banana/4.png,https://compbench-color.s3.us-east-2.amazonaws.com/outputs/outputs_lb_T2ICompBench/a%20blue%20backpack%20and%20a%20green%20banana/4.png,a blue backpack and a green banana,2,4,a blue backpack,a green banana
https://compbench-color.s3.us-east-2.amazonaws.com/outputs/outputs_divide20_T2ICompBench/a%20red%20backpack%20and%20a%20blue%20orange/8.png,https://compbench-color.s3.us-east-2.amazonaws.com/outputs/outputs_lb_T2ICompBench/a%20red%20backpack%20and%20a%20blue%20orange/8.png,a red backpack and a blue orange,2,8,a red backpack,a blue orange
https://compbench-color.s3.us-east-2.amazonaws.com/outputs/outputs_divide20_T2ICompBench/a%20blue%20backpack%20and%20a%20green%20banana/8.png,https://compbench-color.s3.us-east-2.amazonaws.com/outputs/outputs_lb_T2ICompBench/a%20blue%20backpack%20and%20a%20green%20banana/8.png,a blue backpack and a green banana,2,8,a blue backpack,a green banana
https://compbench-color.s3.us-east-2.amazonaws.com/outputs/outputs_divide20_T2ICompBench/a%20red%20bear%20and%20a%20brown%20book/2.png,https://compbench-color.s3.us-east-2.amazonaws.com/outputs/outputs_lb_T2ICompBench/a%20red%20bear%20and%20a%20brown%20book/2.png,a red bear and a brown book,2,2,a red bear,a brown book
https://compbench-color.s3.us-east-2.amazonaws.com/outputs/outputs_divide20_T2ICompBench/a%20white%20cat%20and%20a%20black%20whisker/1.png,https://compbench-color.s3.us-east-2.amazonaws.com/outputs/outputs_lb_T2ICompBench/a%20white%20cat%20and%20a%20black%20whisker/1.png,a white cat and a black whisker,2,1,a white cat,a black whisker
https://compbench-color.s3.us-east-2.amazonaws.com/outputs/outputs_divide20_T2ICompBench/a%20blue%20envelope%20and%20a%20white%20stamp/3.png,https://compbench-color.s3.us-east-2.amazonaws.com/outputs/outputs_lb_T2ICompBench/a%20blue%20envelope%20and%20a%20white%20stamp/3.png,a blue envelope and a white stamp,2,3,a blue envelope,a white stamp
https://compbench-color.s3.us-east-2.amazonaws.com/outputs/outputs_divide20_T2ICompBench/a%20brown%20cup%20and%20a%20blue%20horse/7.png,https://compbench-color.s3.us-east-2.amazonaws.com/outputs/outputs_lb_T2ICompBench/a%20brown%20cup%20and%20a%20blue%20horse/7.png,a brown cup and a blue horse,2,7,a brown cup,a blue horse
https://compbench-color.s3.us-east-2.amazonaws.com/outputs/outputs_divide20_T2ICompBench/a%20yellow%20sun%20and%20a%20red%20sunset/1.png,https://compbench-color.s3.us-east-2.amazonaws.com/outputs/outputs_lb_T2ICompBench/a%20yellow%20sun%20and%20a%20red%20sunset/1.png,a yellow sun and a red sunset,2,1,a yellow sun,a red sunset
https://compbench-color.s3.us-east-2.amazonaws.com/outputs/outputs_divide20_T2ICompBench/a%20blue%20cup%20and%20a%20brown%20horse/8.png,https://compbench-color.s3.us-east-2.amazonaws.com/outputs/outputs_lb_T2ICompBench/a%20blue%20cup%20and%20a%20brown%20horse/8.png,a blue cup and a brown horse,2,8,a blue cup,a brown horse
https://compbench-color.s3.us-east-2.amazonaws.com/outputs/outputs_divide20_T2ICompBench/a%20white%20piano%20and%20a%20black%20bench/9.png,https://compbench-color.s3.us-east-2.amazonaws.com/outputs/outputs_lb_T2ICompBench/a%20white%20piano%20and%20a%20black%20bench/9.png,a white piano and a black bench,2,9,a white piano,a black bench
https://compbench-color.s3.us-east-2.amazonaws.com/outputs/outputs_divide20_T2ICompBench/a%20blue%20pen%20and%20a%20yellow%20highlighter/8.png,https://compbench-color.s3.us-east-2.amazonaws.com/outputs/outputs_lb_T2ICompBench/a%20blue%20pen%20and%20a%20yellow%20highlighter/8.png,a blue pen and a yellow highlighter,2,8,a blue pen,a yellow highlighter
https://compbench-color.s3.us-east-2.amazonaws.com/outputs/outputs_divide20_T2ICompBench/a%20blue%20banana%20and%20a%20green%20vase/5.png,https://compbench-color.s3.us-east-2.amazonaws.com/outputs/outputs_lb_T2ICompBench/a%20blue%20banana%20and%20a%20green%20vase/5.png,a blue banana and a green vase,2,5,a blue banana,a green vase
https://compbench-color.s3.us-east-2.amazonaws.com/outputs/outputs_divide20_T2ICompBench/a%20red%20backpack%20and%20a%20blue%20train/3.png,https://compbench-color.s3.us-east-2.amazonaws.com/outputs/outputs_lb_T2ICompBench/a%20red%20backpack%20and%20a%20blue%20train/3.png,a red backpack and a blue train,2,3,a red backpack,a blue train
https://compbench-color.s3.us-east-2.amazonaws.com/outputs/outputs_divide20_T2ICompBench/a%20black%20cat%20and%20a%20white%20paw/7.png,https://compbench-color.s3.us-east-2.amazonaws.com/outputs/outputs_lb_T2ICompBench/a%20black%20cat%20and%20a%20white%20paw/7.png,a black cat and a white paw,2,7,a black cat,a white paw
https://compbench-color.s3.us-east-2.amazonaws.com/outputs/outputs_divide20_T2ICompBench/a%20blue%20cup%20and%20a%20brown%20horse/10.png,https://compbench-color.s3.us-east-2.amazonaws.com/outputs/outputs_lb_T2ICompBench/a%20blue%20cup%20and%20a%20brown%20horse/10.png,a blue cup and a brown horse,2,10,a blue cup,a brown horse
https://compbench-color.s3.us-east-2.amazonaws.com/outputs/outputs_divide20_T2ICompBench/a%20green%20frog%20and%20a%20brown%20pond/6.png,https://compbench-color.s3.us-east-2.amazonaws.com/outputs/outputs_lb_T2ICompBench/a%20green%20frog%20and%20a%20brown%20pond/6.png,a green frog and a brown pond,2,6,a green frog,a brown pond
https://compbench-color.s3.us-east-2.amazonaws.com/outputs/outputs_divide20_T2ICompBench/a%20blue%20giraffe%20and%20a%20brown%20vase/1.png,https://compbench-color.s3.us-east-2.amazonaws.com/outputs/outputs_lb_T2ICompBench/a%20blue%20giraffe%20and%20a%20brown%20vase/1.png,a blue giraffe and a brown vase,2,1,a blue giraffe,a brown vase
https://compbench-color.s3.us-east-2.amazonaws.com/outputs/outputs_divide20_T2ICompBench/a%20red%20chair%20and%20a%20brown%20elephant/2.png,https://compbench-color.s3.us-east-2.amazonaws.com/outputs/outputs_lb_T2ICompBench/a%20red%20chair%20and%20a%20brown%20elephant/2.png,a red chair and a brown elephant,2,2,a red chair,a brown elephant
https://compbench-color.s3.us-east-2.amazonaws.com/outputs/outputs_divide20_T2ICompBench/a%20blue%20pencil%20and%20a%20yellow%20notebook/3.png,https://compbench-color.s3.us-east-2.amazonaws.com/outputs/outputs_lb_T2ICompBench/a%20blue%20pencil%20and%20a%20yellow%20notebook/3.png,a blue pencil and a yellow notebook,2,3,a blue pencil,a yellow notebook
https://compbench-color.s3.us-east-2.amazonaws.com/outputs/outputs_divide20_T2ICompBench/a%20white%20cat%20and%20a%20black%20paw/3.png,https://compbench-color.s3.us-east-2.amazonaws.com/outputs/outputs_lb_T2ICompBench/a%20white%20cat%20and%20a%20black%20paw/3.png,a white cat and a black paw,2,3,a white cat,a black paw
https://compbench-color.s3.us-east-2.amazonaws.com/outputs/outputs_divide20_T2ICompBench/a%20red%20stop%20sign%20and%20a%20white%20line/1.png,https://compbench-color.s3.us-east-2.amazonaws.com/outputs/outputs_lb_T2ICompBench/a%20red%20stop%20sign%20and%20a%20white%20line/1.png,a red stop sign and a white line,2,1,a red stop sign,a white line
https://compbench-color.s3.us-east-2.amazonaws.com/outputs/outputs_divide20_T2ICompBench/a%20black%20cat%20and%20a%20brown%20mouse/8.png,https://compbench-color.s3.us-east-2.amazonaws.com/outputs/outputs_lb_T2ICompBench/a%20black%20cat%20and%20a%20brown%20mouse/8.png,a black cat and a brown mouse,2,8,a black cat,a brown mouse
https://compbench-color.s3.us-east-2.amazonaws.com/outputs/outputs_divide20_T2ICompBench/a%20red%20elephant%20and%20a%20brown%20suitcase/10.png,https://compbench-color.s3.us-east-2.amazonaws.com/outputs/outputs_lb_T2ICompBench/a%20red%20elephant%20and%20a%20brown%20suitcase/10.png,a red elephant and a brown suitcase,2,10,a red elephant,a brown suitcase
https://compbench-color.s3.us-east-2.amazonaws.com/outputs/outputs_divide20_T2ICompBench/a%20red%20backpack%20and%20a%20blue%20chair/6.png,https://compbench-color.s3.us-east-2.amazonaws.com/outputs/outputs_lb_T2ICompBench/a%20red%20backpack%20and%20a%20blue%20chair/6.png,a red backpack and a blue chair,2,6,a red backpack,a blue chair
https://compbench-color.s3.us-east-2.amazonaws.com/outputs/outputs_divide20_T2ICompBench/a%20green%20acorn%20and%20a%20brown%20leaf/9.png,https://compbench-color.s3.us-east-2.amazonaws.com/outputs/outputs_lb_T2ICompBench/a%20green%20acorn%20and%20a%20brown%20leaf/9.png,a green acorn and a brown leaf,2,9,a green acorn,a brown leaf
https://compbench-color.s3.us-east-2.amazonaws.com/outputs/outputs_divide20_T2ICompBench/a%20red%20bowl%20and%20a%20blue%20train/3.png,https://compbench-color.s3.us-east-2.amazonaws.com/outputs/outputs_lb_T2ICompBench/a%20red%20bowl%20and%20a%20blue%20train/3.png,a red bowl and a blue train,2,3,a red bowl,a blue train
https://compbench-color.s3.us-east-2.amazonaws.com/outputs/outputs_divide20_T2ICompBench/a%20red%20bowl%20and%20a%20blue%20train/5.png,https://compbench-color.s3.us-east-2.amazonaws.com/outputs/outputs_lb_T2ICompBench/a%20red%20bowl%20and%20a%20blue%20train/5.png,a red bowl and a blue train,2,5,a red bowl,a blue train
https://compbench-color.s3.us-east-2.amazonaws.com/outputs/outputs_divide20_T2ICompBench/a%20green%20log%20and%20a%20brown%20moss/10.png,https://compbench-color.s3.us-east-2.amazonaws.com/outputs/outputs_lb_T2ICompBench/a%20green%20log%20and%20a%20brown%20moss/10.png,a green log and a brown moss,2,10,a green log,a brown moss
https://compbench-color.s3.us-east-2.amazonaws.com/outputs/outputs_divide20_T2ICompBench/a%20yellow%20pencil%20and%20a%20red%20eraser/9.png,https://compbench-color.s3.us-east-2.amazonaws.com/outputs/outputs_lb_T2ICompBench/a%20yellow%20pencil%20and%20a%20red%20eraser/9.png,a yellow pencil and a red eraser,2,9,a yellow pencil,a red eraser
https://compbench-color.s3.us-east-2.amazonaws.com/outputs/outputs_divide20_T2ICompBench/a%20red%20stop%20sign%20and%20a%20white%20line/2.png,https://compbench-color.s3.us-east-2.amazonaws.com/outputs/outputs_lb_T2ICompBench/a%20red%20stop%20sign%20and%20a%20white%20line/2.png,a red stop sign and a white line,2,2,a red stop sign,a white line
https://compbench-color.s3.us-east-2.amazonaws.com/outputs/outputs_divide20_T2ICompBench/a%20green%20snake%20and%20a%20brown%20log/2.png,https://compbench-color.s3.us-east-2.amazonaws.com/outputs/outputs_lb_T2ICompBench/a%20green%20snake%20and%20a%20brown%20log/2.png,a green snake and a brown log,2,2,a green snake,a brown log
https://compbench-color.s3.us-east-2.amazonaws.com/outputs/outputs_divide20_T2ICompBench/a%20yellow%20pencil%20and%20a%20blue%20notebook/7.png,https://compbench-color.s3.us-east-2.amazonaws.com/outputs/outputs_lb_T2ICompBench/a%20yellow%20pencil%20and%20a%20blue%20notebook/7.png,a yellow pencil and a blue notebook,2,7,a yellow pencil,a blue notebook
https://compbench-color.s3.us-east-2.amazonaws.com/outputs/outputs_divide20_T2ICompBench/a%20blue%20cup%20and%20a%20brown%20horse/9.png,https://compbench-color.s3.us-east-2.amazonaws.com/outputs/outputs_lb_T2ICompBench/a%20blue%20cup%20and%20a%20brown%20horse/9.png,a blue cup and a brown horse,2,9,a blue cup,a brown horse
https://compbench-color.s3.us-east-2.amazonaws.com/outputs/outputs_divide20_T2ICompBench/a%20red%20apple%20and%20a%20green%20suitcase/8.png,https://compbench-color.s3.us-east-2.amazonaws.com/outputs/outputs_lb_T2ICompBench/a%20red%20apple%20and%20a%20green%20suitcase/8.png,a red apple and a green suitcase,2,8,a red apple,a green suitcase
https://compbench-color.s3.us-east-2.amazonaws.com/outputs/outputs_divide20_T2ICompBench/a%20red%20hat%20and%20a%20black%20scarf/7.png,https://compbench-color.s3.us-east-2.amazonaws.com/outputs/outputs_lb_T2ICompBench/a%20red%20hat%20and%20a%20black%20scarf/7.png,a red hat and a black scarf,2,7,a red hat,a black scarf
https://compbench-color.s3.us-east-2.amazonaws.com/outputs/outputs_divide20_T2ICompBench/a%20red%20apple%20and%20yellow%20bananas/8.png,https://compbench-color.s3.us-east-2.amazonaws.com/outputs/outputs_lb_T2ICompBench/a%20red%20apple%20and%20yellow%20bananas/8.png,a red apple and yellow bananas,2,8,a red apple,yellow bananas
https://compbench-color.s3.us-east-2.amazonaws.com/outputs/outputs_divide20_T2ICompBench/a%20green%20cup%20and%20a%20blue%20cell%20phone/10.png,https://compbench-color.s3.us-east-2.amazonaws.com/outputs/outputs_lb_T2ICompBench/a%20green%20cup%20and%20a%20blue%20cell%20phone/10.png,a green cup and a blue cell phone,2,10,a green cup,a blue cell phone
https://compbench-color.s3.us-east-2.amazonaws.com/outputs/outputs_divide20_T2ICompBench/a%20black%20swan%20and%20a%20white%20lake/5.png,https://compbench-color.s3.us-east-2.amazonaws.com/outputs/outputs_lb_T2ICompBench/a%20black%20swan%20and%20a%20white%20lake/5.png,a black swan and a white lake,2,5,a black swan,a white lake
https://compbench-color.s3.us-east-2.amazonaws.com/outputs/outputs_divide20_T2ICompBench/a%20purple%20apple%20and%20a%20red%20grape/9.png,https://compbench-color.s3.us-east-2.amazonaws.com/outputs/outputs_lb_T2ICompBench/a%20purple%20apple%20and%20a%20red%20grape/9.png,a purple apple and a red grape,2,9,a purple apple,a red grape
https://compbench-color.s3.us-east-2.amazonaws.com/outputs/outputs_divide20_T2ICompBench/a%20white%20dove%20and%20a%20black%20feather/5.png,https://compbench-color.s3.us-east-2.amazonaws.com/outputs/outputs_lb_T2ICompBench/a%20white%20dove%20and%20a%20black%20feather/5.png,a white dove and a black feather,2,5,a white dove,a black feather
https://compbench-color.s3.us-east-2.amazonaws.com/outputs/outputs_divide20_T2ICompBench/a%20blue%20backpack%20and%20a%20red%20car/2.png,https://compbench-color.s3.us-east-2.amazonaws.com/outputs/outputs_lb_T2ICompBench/a%20blue%20backpack%20and%20a%20red%20car/2.png,a blue backpack and a red car,2,2,a blue backpack,a red car
https://compbench-color.s3.us-east-2.amazonaws.com/outputs/outputs_divide20_T2ICompBench/a%20gold%20backpack%20and%20a%20blue%20clock/4.png,https://compbench-color.s3.us-east-2.amazonaws.com/outputs/outputs_lb_T2ICompBench/a%20gold%20backpack%20and%20a%20blue%20clock/4.png,a gold backpack and a blue clock,2,4,a gold backpack,a blue clock
https://compbench-color.s3.us-east-2.amazonaws.com/outputs/outputs_divide20_T2ICompBench/a%20gray%20cat%20and%20a%20black%20mouse/10.png,https://compbench-color.s3.us-east-2.amazonaws.com/outputs/outputs_lb_T2ICompBench/a%20gray%20cat%20and%20a%20black%20mouse/10.png,a gray cat and a black mouse,2,10,a gray cat,a black mouse
https://compbench-color.s3.us-east-2.amazonaws.com/outputs/outputs_divide20_T2ICompBench/a%20black%20hat%20and%20a%20red%20scarf/7.png,https://compbench-color.s3.us-east-2.amazonaws.com/outputs/outputs_lb_T2ICompBench/a%20black%20hat%20and%20a%20red%20scarf/7.png,a black hat and a red scarf,2,7,a black hat,a red scarf
https://compbench-color.s3.us-east-2.amazonaws.com/outputs/outputs_divide20_T2ICompBench/a%20blue%20bowl%20and%20a%20red%20train/1.png,https://compbench-color.s3.us-east-2.amazonaws.com/outputs/outputs_lb_T2ICompBench/a%20blue%20bowl%20and%20a%20red%20train/1.png,a blue bowl and a red train,2,1,a blue bowl,a red train
https://compbench-color.s3.us-east-2.amazonaws.com/outputs/outputs_divide20_T2ICompBench/a%20red%20backpack%20and%20a%20blue%20orange/5.png,https://compbench-color.s3.us-east-2.amazonaws.com/outputs/outputs_lb_T2ICompBench/a%20red%20backpack%20and%20a%20blue%20orange/5.png,a red backpack and a blue orange,2,5,a red backpack,a blue orange
https://compbench-color.s3.us-east-2.amazonaws.com/outputs/outputs_divide20_T2ICompBench/a%20red%20cylinder%20and%20a%20blue%20cube/2.png,https://compbench-color.s3.us-east-2.amazonaws.com/outputs/outputs_lb_T2ICompBench/a%20red%20cylinder%20and%20a%20blue%20cube/2.png,a red cylinder and a blue cube,2,2,a red cylinder,a blue cube
https://compbench-color.s3.us-east-2.amazonaws.com/outputs/outputs_divide20_T2ICompBench/a%20brown%20apple%20and%20a%20green%20elephant/2.png,https://compbench-color.s3.us-east-2.amazonaws.com/outputs/outputs_lb_T2ICompBench/a%20brown%20apple%20and%20a%20green%20elephant/2.png,a brown apple and a green elephant,2,2,a brown apple,a green elephant
https://compbench-color.s3.us-east-2.amazonaws.com/outputs/outputs_divide20_T2ICompBench/a%20brown%20banana%20and%20a%20green%20cow/10.png,https://compbench-color.s3.us-east-2.amazonaws.com/outputs/outputs_lb_T2ICompBench/a%20brown%20banana%20and%20a%20green%20cow/10.png,a brown banana and a green cow,2,10,a brown banana,a green cow
https://compbench-color.s3.us-east-2.amazonaws.com/outputs/outputs_divide20_T2ICompBench/a%20blue%20jay%20and%20a%20green%20parrot/2.png,https://compbench-color.s3.us-east-2.amazonaws.com/outputs/outputs_lb_T2ICompBench/a%20blue%20jay%20and%20a%20green%20parrot/2.png,a blue jay and a green parrot,2,2,a blue jay,a green parrot
https://compbench-color.s3.us-east-2.amazonaws.com/outputs/outputs_divide20_T2ICompBench/a%20red%20suitcase%20and%20a%20blue%20vase/1.png,https://compbench-color.s3.us-east-2.amazonaws.com/outputs/outputs_lb_T2ICompBench/a%20red%20suitcase%20and%20a%20blue%20vase/1.png,a red suitcase and a blue vase,2,1,a red suitcase,a blue vase
https://compbench-color.s3.us-east-2.amazonaws.com/outputs/outputs_divide20_T2ICompBench/a%20blue%20apple%20and%20a%20green%20backpack/7.png,https://compbench-color.s3.us-east-2.amazonaws.com/outputs/outputs_lb_T2ICompBench/a%20blue%20apple%20and%20a%20green%20backpack/7.png,a blue apple and a green backpack,2,7,a blue apple,a green backpack
https://compbench-color.s3.us-east-2.amazonaws.com/outputs/outputs_divide20_T2ICompBench/a%20red%20backpack%20and%20a%20blue%20car/6.png,https://compbench-color.s3.us-east-2.amazonaws.com/outputs/outputs_lb_T2ICompBench/a%20red%20backpack%20and%20a%20blue%20car/6.png,a red backpack and a blue car,2,6,a red backpack,a blue car
https://compbench-color.s3.us-east-2.amazonaws.com/outputs/outputs_divide20_T2ICompBench/a%20green%20apple%20and%20a%20red%20train/6.png,https://compbench-color.s3.us-east-2.amazonaws.com/outputs/outputs_lb_T2ICompBench/a%20green%20apple%20and%20a%20red%20train/6.png,a green apple and a red train,2,6,a green apple,a red train
https://compbench-color.s3.us-east-2.amazonaws.com/outputs/outputs_divide20_T2ICompBench/a%20yellow%20pencil%20and%20a%20red%20eraser/6.png,https://compbench-color.s3.us-east-2.amazonaws.com/outputs/outputs_lb_T2ICompBench/a%20yellow%20pencil%20and%20a%20red%20eraser/6.png,a yellow pencil and a red eraser,2,6,a yellow pencil,a red eraser
https://compbench-color.s3.us-east-2.amazonaws.com/outputs/outputs_divide20_T2ICompBench/a%20green%20banana%20and%20a%20blue%20vase/7.png,https://compbench-color.s3.us-east-2.amazonaws.com/outputs/outputs_lb_T2ICompBench/a%20green%20banana%20and%20a%20blue%20vase/7.png,a green banana and a blue vase,2,7,a green banana,a blue vase
https://compbench-color.s3.us-east-2.amazonaws.com/outputs/outputs_divide20_T2ICompBench/a%20brown%20banana%20and%20a%20green%20dog/7.png,https://compbench-color.s3.us-east-2.amazonaws.com/outputs/outputs_lb_T2ICompBench/a%20brown%20banana%20and%20a%20green%20dog/7.png,a brown banana and a green dog,2,7,a brown banana,a green dog
https://compbench-color.s3.us-east-2.amazonaws.com/outputs/outputs_divide20_T2ICompBench/a%20blue%20train%20and%20a%20red%20vase/7.png,https://compbench-color.s3.us-east-2.amazonaws.com/outputs/outputs_lb_T2ICompBench/a%20blue%20train%20and%20a%20red%20vase/7.png,a blue train and a red vase,2,7,a blue train,a red vase
https://compbench-color.s3.us-east-2.amazonaws.com/outputs/outputs_divide20_T2ICompBench/a%20brown%20backpack%20and%20a%20blue%20cow/10.png,https://compbench-color.s3.us-east-2.amazonaws.com/outputs/outputs_lb_T2ICompBench/a%20brown%20backpack%20and%20a%20blue%20cow/10.png,a brown backpack and a blue cow,2,10,a brown backpack,a blue cow
https://compbench-color.s3.us-east-2.amazonaws.com/outputs/outputs_divide20_T2ICompBench/a%20brown%20backpack%20and%20a%20blue%20giraffe/10.png,https://compbench-color.s3.us-east-2.amazonaws.com/outputs/outputs_lb_T2ICompBench/a%20brown%20backpack%20and%20a%20blue%20giraffe/10.png,a brown backpack and a blue giraffe,2,10,a brown backpack,a blue giraffe
https://compbench-color.s3.us-east-2.amazonaws.com/outputs/outputs_divide20_T2ICompBench/a%20yellow%20book%20and%20a%20red%20vase/9.png,https://compbench-color.s3.us-east-2.amazonaws.com/outputs/outputs_lb_T2ICompBench/a%20yellow%20book%20and%20a%20red%20vase/9.png,a yellow book and a red vase,2,9,a yellow book,a red vase
https://compbench-color.s3.us-east-2.amazonaws.com/outputs/outputs_divide20_T2ICompBench/a%20red%20suitcase%20and%20a%20blue%20vase/2.png,https://compbench-color.s3.us-east-2.amazonaws.com/outputs/outputs_lb_T2ICompBench/a%20red%20suitcase%20and%20a%20blue%20vase/2.png,a red suitcase and a blue vase,2,2,a red suitcase,a blue vase
https://compbench-color.s3.us-east-2.amazonaws.com/outputs/outputs_divide20_T2ICompBench/a%20brown%20bear%20and%20a%20blue%20vase/7.png,https://compbench-color.s3.us-east-2.amazonaws.com/outputs/outputs_lb_T2ICompBench/a%20brown%20bear%20and%20a%20blue%20vase/7.png,a brown bear and a blue vase,2,7,a brown bear,a blue vase
https://compbench-color.s3.us-east-2.amazonaws.com/outputs/outputs_divide20_T2ICompBench/a%20brown%20cat%20and%20a%20black%20mouse/5.png,https://compbench-color.s3.us-east-2.amazonaws.com/outputs/outputs_lb_T2ICompBench/a%20brown%20cat%20and%20a%20black%20mouse/5.png,a brown cat and a black mouse,2,5,a brown cat,a black mouse
https://compbench-color.s3.us-east-2.amazonaws.com/outputs/outputs_divide20_T2ICompBench/a%20red%20school%20bus%20and%20a%20green%20bag/10.png,https://compbench-color.s3.us-east-2.amazonaws.com/outputs/outputs_lb_T2ICompBench/a%20red%20school%20bus%20and%20a%20green%20bag/10.png,a red school bus and a green bag,2,10,a red school bus,a green bag
https://compbench-color.s3.us-east-2.amazonaws.com/outputs/outputs_divide20_T2ICompBench/a%20black%20cat%20and%20a%20white%20whisker/4.png,https://compbench-color.s3.us-east-2.amazonaws.com/outputs/outputs_lb_T2ICompBench/a%20black%20cat%20and%20a%20white%20whisker/4.png,a black cat and a white whisker,2,4,a black cat,a white whisker
https://compbench-color.s3.us-east-2.amazonaws.com/outputs/outputs_divide20_T2ICompBench/a%20yellow%20leaf%20and%20a%20green%20butterfly/9.png,https://compbench-color.s3.us-east-2.amazonaws.com/outputs/outputs_lb_T2ICompBench/a%20yellow%20leaf%20and%20a%20green%20butterfly/9.png,a yellow leaf and a green butterfly,2,9,a yellow leaf,a green butterfly
https://compbench-color.s3.us-east-2.amazonaws.com/outputs/outputs_divide20_T2ICompBench/a%20blue%20cow%20and%20a%20brown%20cup/4.png,https://compbench-color.s3.us-east-2.amazonaws.com/outputs/outputs_lb_T2ICompBench/a%20blue%20cow%20and%20a%20brown%20cup/4.png,a blue cow and a brown cup,2,4,a blue cow,a brown cup
https://compbench-color.s3.us-east-2.amazonaws.com/outputs/outputs_divide20_T2ICompBench/a%20green%20banana%20and%20a%20brown%20giraffe/4.png,https://compbench-color.s3.us-east-2.amazonaws.com/outputs/outputs_lb_T2ICompBench/a%20green%20banana%20and%20a%20brown%20giraffe/4.png,a green banana and a brown giraffe,2,4,a green banana,a brown giraffe
https://compbench-color.s3.us-east-2.amazonaws.com/outputs/outputs_divide20_T2ICompBench/a%20green%20apple%20and%20a%20blue%20vase/1.png,https://compbench-color.s3.us-east-2.amazonaws.com/outputs/outputs_lb_T2ICompBench/a%20green%20apple%20and%20a%20blue%20vase/1.png,a green apple and a blue vase,2,1,a green apple,a blue vase
https://compbench-color.s3.us-east-2.amazonaws.com/outputs/outputs_divide20_T2ICompBench/a%20yellow%20frog%20and%20a%20green%20fly/6.png,https://compbench-color.s3.us-east-2.amazonaws.com/outputs/outputs_lb_T2ICompBench/a%20yellow%20frog%20and%20a%20green%20fly/6.png,a yellow frog and a green fly,2,6,a yellow frog,a green fly
https://compbench-color.s3.us-east-2.amazonaws.com/outputs/outputs_divide20_T2ICompBench/a%20red%20backpack%20and%20a%20blue%20book/9.png,https://compbench-color.s3.us-east-2.amazonaws.com/outputs/outputs_lb_T2ICompBench/a%20red%20backpack%20and%20a%20blue%20book/9.png,a red backpack and a blue book,2,9,a red backpack,a blue book
https://compbench-color.s3.us-east-2.amazonaws.com/outputs/outputs_divide20_T2ICompBench/a%20brown%20cow%20and%20a%20red%20suitcase/9.png,https://compbench-color.s3.us-east-2.amazonaws.com/outputs/outputs_lb_T2ICompBench/a%20brown%20cow%20and%20a%20red%20suitcase/9.png,a brown cow and a red suitcase,2,9,a brown cow,a red suitcase
https://compbench-color.s3.us-east-2.amazonaws.com/outputs/outputs_divide20_T2ICompBench/a%20red%20chair%20and%20a%20brown%20elephant/5.png,https://compbench-color.s3.us-east-2.amazonaws.com/outputs/outputs_lb_T2ICompBench/a%20red%20chair%20and%20a%20brown%20elephant/5.png,a red chair and a brown elephant,2,5,a red chair,a brown elephant
https://compbench-color.s3.us-east-2.amazonaws.com/outputs/outputs_divide20_T2ICompBench/a%20gold%20cat%20and%20a%20brown%20clock/1.png,https://compbench-color.s3.us-east-2.amazonaws.com/outputs/outputs_lb_T2ICompBench/a%20gold%20cat%20and%20a%20brown%20clock/1.png,a gold cat and a brown clock,2,1,a gold cat,a brown clock
https://compbench-color.s3.us-east-2.amazonaws.com/outputs/outputs_divide20_T2ICompBench/a%20green%20school%20bus%20and%20a%20red%20bag/7.png,https://compbench-color.s3.us-east-2.amazonaws.com/outputs/outputs_lb_T2ICompBench/a%20green%20school%20bus%20and%20a%20red%20bag/7.png,a green school bus and a red bag,2,7,a green school bus,a red bag
https://compbench-color.s3.us-east-2.amazonaws.com/outputs/outputs_divide20_T2ICompBench/a%20gold%20clock%20and%20a%20red%20orange/10.png,https://compbench-color.s3.us-east-2.amazonaws.com/outputs/outputs_lb_T2ICompBench/a%20gold%20clock%20and%20a%20red%20orange/10.png,a gold clock and a red orange,2,10,a gold clock,a red orange
https://compbench-color.s3.us-east-2.amazonaws.com/outputs/outputs_divide20_T2ICompBench/a%20white%20car%20and%20a%20red%20sheep/9.png,https://compbench-color.s3.us-east-2.amazonaws.com/outputs/outputs_lb_T2ICompBench/a%20white%20car%20and%20a%20red%20sheep/9.png,a white car and a red sheep,2,9,a white car,a red sheep
https://compbench-color.s3.us-east-2.amazonaws.com/outputs/outputs_divide20_T2ICompBench/a%20red%20bear%20and%20a%20brown%20book/5.png,https://compbench-color.s3.us-east-2.amazonaws.com/outputs/outputs_lb_T2ICompBench/a%20red%20bear%20and%20a%20brown%20book/5.png,a red bear and a brown book,2,5,a red bear,a brown book
https://compbench-color.s3.us-east-2.amazonaws.com/outputs/outputs_divide20_T2ICompBench/a%20blue%20jay%20and%20a%20green%20parrot/3.png,https://compbench-color.s3.us-east-2.amazonaws.com/outputs/outputs_lb_T2ICompBench/a%20blue%20jay%20and%20a%20green%20parrot/3.png,a blue jay and a green parrot,2,3,a blue jay,a green parrot
https://compbench-color.s3.us-east-2.amazonaws.com/outputs/outputs_divide20_T2ICompBench/a%20white%20swan%20and%20a%20black%20lake/3.png,https://compbench-color.s3.us-east-2.amazonaws.com/outputs/outputs_lb_T2ICompBench/a%20white%20swan%20and%20a%20black%20lake/3.png,a white swan and a black lake,2,3,a white swan,a black lake
https://compbench-color.s3.us-east-2.amazonaws.com/outputs/outputs_divide20_T2ICompBench/a%20blue%20backpack%20and%20a%20red%20chair/7.png,https://compbench-color.s3.us-east-2.amazonaws.com/outputs/outputs_lb_T2ICompBench/a%20blue%20backpack%20and%20a%20red%20chair/7.png,a blue backpack and a red chair,2,7,a blue backpack,a red chair
https://compbench-color.s3.us-east-2.amazonaws.com/outputs/outputs_divide20_T2ICompBench/a%20green%20bus%20and%20a%20yellow%20tree/3.png,https://compbench-color.s3.us-east-2.amazonaws.com/outputs/outputs_lb_T2ICompBench/a%20green%20bus%20and%20a%20yellow%20tree/3.png,a green bus and a yellow tree,2,3,a green bus,a yellow tree
https://compbench-color.s3.us-east-2.amazonaws.com/outputs/outputs_divide20_T2ICompBench/a%20blue%20bag%20and%20a%20green%20water%20bottle/4.png,https://compbench-color.s3.us-east-2.amazonaws.com/outputs/outputs_lb_T2ICompBench/a%20blue%20bag%20and%20a%20green%20water%20bottle/4.png,a blue bag and a green water bottle,2,4,a blue bag,a green water bottle
https://compbench-color.s3.us-east-2.amazonaws.com/outputs/outputs_divide20_T2ICompBench/a%20yellow%20pen%20and%20a%20blue%20highlighter/6.png,https://compbench-color.s3.us-east-2.amazonaws.com/outputs/outputs_lb_T2ICompBench/a%20yellow%20pen%20and%20a%20blue%20highlighter/6.png,a yellow pen and a blue highlighter,2,6,a yellow pen,a blue highlighter
https://compbench-color.s3.us-east-2.amazonaws.com/outputs/outputs_divide20_T2ICompBench/a%20brown%20bowl%20and%20a%20blue%20horse/8.png,https://compbench-color.s3.us-east-2.amazonaws.com/outputs/outputs_lb_T2ICompBench/a%20brown%20bowl%20and%20a%20blue%20horse/8.png,a brown bowl and a blue horse,2,8,a brown bowl,a blue horse
https://compbench-color.s3.us-east-2.amazonaws.com/outputs/outputs_divide20_T2ICompBench/a%20red%20dog%20and%20a%20brown%20orange/6.png,https://compbench-color.s3.us-east-2.amazonaws.com/outputs/outputs_lb_T2ICompBench/a%20red%20dog%20and%20a%20brown%20orange/6.png,a red dog and a brown orange,2,6,a red dog,a brown orange
https://compbench-color.s3.us-east-2.amazonaws.com/outputs/outputs_divide20_T2ICompBench/a%20blue%20giraffe%20and%20a%20brown%20vase/7.png,https://compbench-color.s3.us-east-2.amazonaws.com/outputs/outputs_lb_T2ICompBench/a%20blue%20giraffe%20and%20a%20brown%20vase/7.png,a blue giraffe and a brown vase,2,7,a blue giraffe,a brown vase
https://compbench-color.s3.us-east-2.amazonaws.com/outputs/outputs_divide20_T2ICompBench/a%20blue%20giraffe%20and%20a%20brown%20vase/9.png,https://compbench-color.s3.us-east-2.amazonaws.com/outputs/outputs_lb_T2ICompBench/a%20blue%20giraffe%20and%20a%20brown%20vase/9.png,a blue giraffe and a brown vase,2,9,a blue giraffe,a brown vase
https://compbench-color.s3.us-east-2.amazonaws.com/outputs/outputs_divide20_T2ICompBench/a%20red%20chair%20and%20a%20brown%20elephant/10.png,https://compbench-color.s3.us-east-2.amazonaws.com/outputs/outputs_lb_T2ICompBench/a%20red%20chair%20and%20a%20brown%20elephant/10.png,a red chair and a brown elephant,2,10,a red chair,a brown elephant
https://compbench-color.s3.us-east-2.amazonaws.com/outputs/outputs_divide20_T2ICompBench/a%20red%20bear%20and%20a%20brown%20train/1.png,https://compbench-color.s3.us-east-2.amazonaws.com/outputs/outputs_lb_T2ICompBench/a%20red%20bear%20and%20a%20brown%20train/1.png,a red bear and a brown train,2,1,a red bear,a brown train
https://compbench-color.s3.us-east-2.amazonaws.com/outputs/outputs_divide20_T2ICompBench/a%20green%20banana%20and%20a%20brown%20dog/9.png,https://compbench-color.s3.us-east-2.amazonaws.com/outputs/outputs_lb_T2ICompBench/a%20green%20banana%20and%20a%20brown%20dog/9.png,a green banana and a brown dog,2,9,a green banana,a brown dog
https://compbench-color.s3.us-east-2.amazonaws.com/outputs/outputs_divide20_T2ICompBench/a%20brown%20backpack%20and%20a%20blue%20giraffe/1.png,https://compbench-color.s3.us-east-2.amazonaws.com/outputs/outputs_lb_T2ICompBench/a%20brown%20backpack%20and%20a%20blue%20giraffe/1.png,a brown backpack and a blue giraffe,2,1,a brown backpack,a blue giraffe
https://compbench-color.s3.us-east-2.amazonaws.com/outputs/outputs_divide20_T2ICompBench/a%20brown%20banana%20and%20a%20green%20horse/10.png,https://compbench-color.s3.us-east-2.amazonaws.com/outputs/outputs_lb_T2ICompBench/a%20brown%20banana%20and%20a%20green%20horse/10.png,a brown banana and a green horse,2,10,a brown banana,a green horse
https://compbench-color.s3.us-east-2.amazonaws.com/outputs/outputs_divide20_T2ICompBench/a%20yellow%20taxi%20and%20a%20black%20tire/10.png,https://compbench-color.s3.us-east-2.amazonaws.com/outputs/outputs_lb_T2ICompBench/a%20yellow%20taxi%20and%20a%20black%20tire/10.png,a yellow taxi and a black tire,2,10,a yellow taxi,a black tire
https://compbench-color.s3.us-east-2.amazonaws.com/outputs/outputs_divide20_T2ICompBench/a%20green%20grass%20and%20a%20yellow%20dandelion/8.png,https://compbench-color.s3.us-east-2.amazonaws.com/outputs/outputs_lb_T2ICompBench/a%20green%20grass%20and%20a%20yellow%20dandelion/8.png,a green grass and a yellow dandelion,2,8,a green grass,a yellow dandelion
https://compbench-color.s3.us-east-2.amazonaws.com/outputs/outputs_divide20_T2ICompBench/a%20brown%20cat%20and%20a%20gold%20clock/9.png,https://compbench-color.s3.us-east-2.amazonaws.com/outputs/outputs_lb_T2ICompBench/a%20brown%20cat%20and%20a%20gold%20clock/9.png,a brown cat and a gold clock,2,9,a brown cat,a gold clock
https://compbench-color.s3.us-east-2.amazonaws.com/outputs/outputs_divide20_T2ICompBench/a%20yellow%20pencil%20and%20a%20red%20eraser/4.png,https://compbench-color.s3.us-east-2.amazonaws.com/outputs/outputs_lb_T2ICompBench/a%20yellow%20pencil%20and%20a%20red%20eraser/4.png,a yellow pencil and a red eraser,2,4,a yellow pencil,a red eraser
